,File name,a,b
0,data_1_1.csv,0.924111523622,0.0381622272443
1,data_1_2.csv,1.27231288687,-0.806160182316
2,data_1_3.csv,-0.469547240101,0.533146195101
3,data_1_4.csv,0.85463805625,0.641194199278
4,data_1_5.csv,-1.11884078013,-0.127338240242
